Workbook

Sheet Setup
A1: Intern Logbook — Setup
A2: Fill in the yellow cells once. Everything else updates automatically.
A4: Supervisor name | B4: Supervisor
A5: Weekly hour target | B5: 20 | C5: Hours each intern must complete per week (Mon–Sun). Target given by the supervisor.
A6: First week of internship | B6: 46286 | C6: Any date in the first week — the Weekly Summary starts on that week's Monday.
A8: Intern | B8: Name (used in the Intern drop-down)
A9: Intern 1 | B9: Intern 1
A10: Intern 2 | B10: Intern 2
A13: How to use
A14: 1. Keep one copy of this workbook, which the supervisor looks after.
A15: 2. Logbook tab: each day, fill one row — Date, Intern (drop-down), Time In, Time Out, and type your full name as your Signature.
A16: 3. Hours Worked, Week Of, Week-to-Date and Remaining fill in by themselves. Do not type in the grey columns.
A17: 4. Weekly Summary tab: each intern's total per week against the target, with the status.
A20: Example row (how a filled-in Logbook row looks)
A21: Date | B21: 46286
A22: Intern | B22: Intern 1
A23: Time In | B23: 0.375
A24: Time Out | B24: 0.5625
A25: Signature | B25: Jane Doe
A26: → Hours Worked | B26: 4.5
A27: Example only — it is not counted anywhere.

Sheet Logbook
A1: Intern Attendance Logbook
A2: ="Supervisor: "&Setup!$B$4&" · Target: "&Setup!$B$5&" hours per intern per week" -> Supervisor: Supervisor · Target: 20 hours per intern per week
A4: Yellow = fill in · Grey = calculated automatically | G4: Orange Signature = row not signed yet
A5: Date | B5: Intern | C5: Time In | D5: Time Out | E5: Hours Worked | F5: Week Of (Mon) | G5: Signature | H5: Week-to-Date Hours | I5: Remaining to Target
E6: =IF(OR(C6="",D6=""),"",IF(D6<=C6,"Check times",ROUND((D6-C6)*24,2))) | F6: =IF(A6="","",A6-WEEKDAY(A6,3)) | H6: =IF(OR(B6="",NOT(ISNUMBER(E6))),"",SUMIFS($E$6:$E$505,$B$6:$B$505,B6,$F$6:$F$505,F6,$A$6:$A$505,"<="&A6)) | I6: =IF(H6="","",MAX(0,Setup!$B$5-H6))
E7: =IF(OR(C7="",D7=""),"",IF(D7<=C7,"Check times",ROUND((D7-C7)*24,2))) | F7: =IF(A7="","",A7-WEEKDAY(A7,3)) | H7: =IF(OR(B7="",NOT(ISNUMBER(E7))),"",SUMIFS($E$6:$E$505,$B$6:$B$505,B7,$F$6:$F$505,F7,$A$6:$A$505,"<="&A7)) | I7: =IF(H7="","",MAX(0,Setup!$B$5-H7))
E8: =IF(OR(C8="",D8=""),"",IF(D8<=C8,"Check times",ROUND((D8-C8)*24,2))) | F8: =IF(A8="","",A8-WEEKDAY(A8,3)) | H8: =IF(OR(B8="",NOT(ISNUMBER(E8))),"",SUMIFS($E$6:$E$505,$B$6:$B$505,B8,$F$6:$F$505,F8,$A$6:$A$505,"<="&A8)) | I8: =IF(H8="","",MAX(0,Setup!$B$5-H8))
E9: =IF(OR(C9="",D9=""),"",IF(D9<=C9,"Check times",ROUND((D9-C9)*24,2))) | F9: =IF(A9="","",A9-WEEKDAY(A9,3)) | H9: =IF(OR(B9="",NOT(ISNUMBER(E9))),"",SUMIFS($E$6:$E$505,$B$6:$B$505,B9,$F$6:$F$505,F9,$A$6:$A$505,"<="&A9)) | I9: =IF(H9="","",MAX(0,Setup!$B$5-H9))
E10: =IF(OR(C10="",D10=""),"",IF(D10<=C10,"Check times",ROUND((D10-C10)*24,2))) | F10: =IF(A10="","",A10-WEEKDAY(A10,3)) | H10: =IF(OR(B10="",NOT(ISNUMBER(E10))),"",SUMIFS($E$6:$E$505,$B$6:$B$505,B10,$F$6:$F$505,F10,$A$6:$A$505,"<="&A10)) | I10: =IF(H10="","",MAX(0,Setup!$B$5-H10))
E11: =IF(OR(C11="",D11=""),"",IF(D11<=C11,"Check times",ROUND((D11-C11)*24,2))) | F11: =IF(A11="","",A11-WEEKDAY(A11,3)) | H11: =IF(OR(B11="",NOT(ISNUMBER(E11))),"",SUMIFS($E$6:$E$505,$B$6:$B$505,B11,$F$6:$F$505,F11,$A$6:$A$505,"<="&A11)) | I11: =IF(H11="","",MAX(0,Setup!$B$5-H11))
E12: =IF(OR(C12="",D12=""),"",IF(D12<=C12,"Check times",ROUND((D12-C12)*24,2))) | F12: =IF(A12="","",A12-WEEKDAY(A12,3)) | H12: =IF(OR(B12="",NOT(ISNUMBER(E12))),"",SUMIFS($E$6:$E$505,$B$6:$B$505,B12,$F$6:$F$505,F12,$A$6:$A$505,"<="&A12)) | I12: =IF(H12="","",MAX(0,Setup!$B$5-H12))
E13: =IF(OR(C13="",D13=""),"",IF(D13<=C13,"Check times",ROUND((D13-C13)*24,2))) | F13: =IF(A13="","",A13-WEEKDAY(A13,3)) | H13: =IF(OR(B13="",NOT(ISNUMBER(E13))),"",SUMIFS($E$6:$E$505,$B$6:$B$505,B13,$F$6:$F$505,F13,$A$6:$A$505,"<="&A13)) | I13: =IF(H13="","",MAX(0,Setup!$B$5-H13))
E14: =IF(OR(C14="",D14=""),"",IF(D14<=C14,"Check times",ROUND((D14-C14)*24,2))) | F14: =IF(A14="","",A14-WEEKDAY(A14,3)) | H14: =IF(OR(B14="",NOT(ISNUMBER(E14))),"",SUMIFS($E$6:$E$505,$B$6:$B$505,B14,$F$6:$F$505,F14,$A$6:$A$505,"<="&A14)) | I14: =IF(H14="","",MAX(0,Setup!$B$5-H14))
E15: =IF(OR(C15="",D15=""),"",IF(D15<=C15,"Check times",ROUND((D15-C15)*24,2))) | F15: =IF(A15="","",A15-WEEKDAY(A15,3)) | H15: =IF(OR(B15="",NOT(ISNUMBER(E15))),"",SUMIFS($E$6:$E$505,$B$6:$B$505,B15,$F$6:$F$505,F15,$A$6:$A$505,"<="&A15)) | I15: =IF(H15="","",MAX(0,Setup!$B$5-H15))
E16: =IF(OR(C16="",D16=""),"",IF(D16<=C16,"Check times",ROUND((D16-C16)*24,2))) | F16: =IF(A16="","",A16-WEEKDAY(A16,3)) | H16: =IF(OR(B16="",NOT(ISNUMBER(E16))),"",SUMIFS($E$6:$E$505,$B$6:$B$505,B16,$F$6:$F$505,F16,$A$6:$A$505,"<="&A16)) | I16: =IF(H16="","",MAX(0,Setup!$B$5-H16))
E17: =IF(OR(C17="",D17=""),"",IF(D17<=C17,"Check times",ROUND((D17-C17)*24,2))) | F17: =IF(A17="","",A17-WEEKDAY(A17,3)) | H17: =IF(OR(B17="",NOT(ISNUMBER(E17))),"",SUMIFS($E$6:$E$505,$B$6:$B$505,B17,$F$6:$F$505,F17,$A$6:$A$505,"<="&A17)) | I17: =IF(H17="","",MAX(0,Setup!$B$5-H17))
... E505: =IF(OR(C505="",D505=""),"",IF(D505<=C505,"Check times",ROUND((D505-C505)*24,2))) | F505: =IF(A505="","",A505-WEEKDAY(A505,3)) | H505: =IF(OR(B505="",NOT(ISNUMBER(E505))),"",SUMIFS($E$6:$E$505,$B$6:$B$505,B505,$F$6:$F$505,F505,$A$6:$A$505,"<="&A505)) | I505: =IF(H505="","",MAX(0,Setup!$B$5-H505))

Sheet Weekly Summary
A1: Weekly Hours Summary
A2: ="Target: "&Setup!$B$5&" hours per intern per week (Mon–Sun)" -> Target: 20 hours per intern per week (Mon–Sun)
A4: Week Of (Mon) | B4: Week Ending (Sun) | C4: =Setup!$B$9&" — Hours" -> Intern 1 — Hours | D4: =Setup!$B$9&" — Remaining" -> Intern 1 — Remaining | E4: =Setup!$B$9&" — Status" -> Intern 1 — Status | F4: =Setup!$B$10&" — Hours" -> Intern 2 — Hours | G4: =Setup!$B$10&" — Remaining" -> Intern 2 — Remaining | H4: =Setup!$B$10&" — Status" -> Intern 2 — Status
A5: =Setup!$B$6-WEEKDAY(Setup!$B$6,3) -> 46286 | B5: =A5+6 -> 46292 | C5: =SUMIFS(Logbook!$E$6:$E$505,Logbook!$B$6:$B$505,Setup!$B$9,Logbook!$F$6:$F$505,A5) -> 0 | D5: =MAX(0,Setup!$B$5-C5) -> 20 | E5: =IF(C5>=Setup!$B$5,"✓ Target met",IF(A5>TODAY(),"Upcoming",IF(B5>=TODAY(),"In progress","Short by "&TEXT(D5,"0.00")&" hrs"))) -> In progress | F5: =SUMIFS(Logbook!$E$6:$E$505,Logbook!$B$6:$B$505,Setup!$B$10,Logbook!$F$6:$F$505,A5) -> 0 | G5: =MAX(0,Setup!$B$5-F5) -> 20 | H5: =IF(F5>=Setup!$B$5,"✓ Target met",IF(A5>TODAY(),"Upcoming",IF(B5>=TODAY(),"In progress","Short by "&TEXT(G5,"0.00")&" hrs"))) -> In progress
A6: =A5+7 -> 46293 | B6: =A6+6 -> 46299 | C6: =SUMIFS(Logbook!$E$6:$E$505,Logbook!$B$6:$B$505,Setup!$B$9,Logbook!$F$6:$F$505,A6) -> 0 | D6: =MAX(0,Setup!$B$5-C6) -> 20 | E6: =IF(C6>=Setup!$B$5,"✓ Target met",IF(A6>TODAY(),"Upcoming",IF(B6>=TODAY(),"In progress","Short by "&TEXT(D6,"0.00")&" hrs"))) -> Upcoming | F6: =SUMIFS(Logbook!$E$6:$E$505,Logbook!$B$6:$B$505,Setup!$B$10,Logbook!$F$6:$F$505,A6) -> 0 | G6: =MAX(0,Setup!$B$5-F6) -> 20 | H6: =IF(F6>=Setup!$B$5,"✓ Target met",IF(A6>TODAY(),"Upcoming",IF(B6>=TODAY(),"In progress","Short by "&TEXT(G6,"0.00")&" hrs"))) -> Upcoming
A7: =A6+7 -> 46300 | B7: =A7+6 -> 46306 | C7: =SUMIFS(Logbook!$E$6:$E$505,Logbook!$B$6:$B$505,Setup!$B$9,Logbook!$F$6:$F$505,A7) -> 0 | D7: =MAX(0,Setup!$B$5-C7) -> 20 | E7: =IF(C7>=Setup!$B$5,"✓ Target met",IF(A7>TODAY(),"Upcoming",IF(B7>=TODAY(),"In progress","Short by "&TEXT(D7,"0.00")&" hrs"))) -> Upcoming | F7: =SUMIFS(Logbook!$E$6:$E$505,Logbook!$B$6:$B$505,Setup!$B$10,Logbook!$F$6:$F$505,A7) -> 0 | G7: =MAX(0,Setup!$B$5-F7) -> 20 | H7: =IF(F7>=Setup!$B$5,"✓ Target met",IF(A7>TODAY(),"Upcoming",IF(B7>=TODAY(),"In progress","Short by "&TEXT(G7,"0.00")&" hrs"))) -> Upcoming
A8: =A7+7 -> 46307 | B8: =A8+6 -> 46313 | C8: =SUMIFS(Logbook!$E$6:$E$505,Logbook!$B$6:$B$505,Setup!$B$9,Logbook!$F$6:$F$505,A8) -> 0 | D8: =MAX(0,Setup!$B$5-C8) -> 20 | E8: =IF(C8>=Setup!$B$5,"✓ Target met",IF(A8>TODAY(),"Upcoming",IF(B8>=TODAY(),"In progress","Short by "&TEXT(D8,"0.00")&" hrs"))) -> Upcoming | F8: =SUMIFS(Logbook!$E$6:$E$505,Logbook!$B$6:$B$505,Setup!$B$10,Logbook!$F$6:$F$505,A8) -> 0 | G8: =MAX(0,Setup!$B$5-F8) -> 20 | H8: =IF(F8>=Setup!$B$5,"✓ Target met",IF(A8>TODAY(),"Upcoming",IF(B8>=TODAY(),"In progress","Short by "&TEXT(G8,"0.00")&" hrs"))) -> Upcoming
A9: =A8+7 -> 46314 | B9: =A9+6 -> 46320 | C9: =SUMIFS(Logbook!$E$6:$E$505,Logbook!$B$6:$B$505,Setup!$B$9,Logbook!$F$6:$F$505,A9) -> 0 | D9: =MAX(0,Setup!$B$5-C9) -> 20 | E9: =IF(C9>=Setup!$B$5,"✓ Target met",IF(A9>TODAY(),"Upcoming",IF(B9>=TODAY(),"In progress","Short by "&TEXT(D9,"0.00")&" hrs"))) -> Upcoming | F9: =SUMIFS(Logbook!$E$6:$E$505,Logbook!$B$6:$B$505,Setup!$B$10,Logbook!$F$6:$F$505,A9) -> 0 | G9: =MAX(0,Setup!$B$5-F9) -> 20 | H9: =IF(F9>=Setup!$B$5,"✓ Target met",IF(A9>TODAY(),"Upcoming",IF(B9>=TODAY(),"In progress","Short by "&TEXT(G9,"0.00")&" hrs"))) -> Upcoming
A10: =A9+7 -> 46321 | B10: =A10+6 -> 46327 | C10: =SUMIFS(Logbook!$E$6:$E$505,Logbook!$B$6:$B$505,Setup!$B$9,Logbook!$F$6:$F$505,A10) -> 0 | D10: =MAX(0,Setup!$B$5-C10) -> 20 | E10: =IF(C10>=Setup!$B$5,"✓ Target met",IF(A10>TODAY(),"Upcoming",IF(B10>=TODAY(),"In progress","Short by "&TEXT(D10,"0.00")&" hrs"))) -> Upcoming | F10: =SUMIFS(Logbook!$E$6:$E$505,Logbook!$B$6:$B$505,Setup!$B$10,Logbook!$F$6:$F$505,A10) -> 0 | G10: =MAX(0,Setup!$B$5-F10) -> 20 | H10: =IF(F10>=Setup!$B$5,"✓ Target met",IF(A10>TODAY(),"Upcoming",IF(B10>=TODAY(),"In progress","Short by "&TEXT(G10,"0.00")&" hrs"))) -> Upcoming
A11: =A10+7 -> 46328 | B11: =A11+6 -> 46334 | C11: =SUMIFS(Logbook!$E$6:$E$505,Logbook!$B$6:$B$505,Setup!$B$9,Logbook!$F$6:$F$505,A11) -> 0 | D11: =MAX(0,Setup!$B$5-C11) -> 20 | E11: =IF(C11>=Setup!$B$5,"✓ Target met",IF(A11>TODAY(),"Upcoming",IF(B11>=TODAY(),"In progress","Short by "&TEXT(D11,"0.00")&" hrs"))) -> Upcoming | F11: =SUMIFS(Logbook!$E$6:$E$505,Logbook!$B$6:$B$505,Setup!$B$10,Logbook!$F$6:$F$505,A11) -> 0 | G11: =MAX(0,Setup!$B$5-F11) -> 20 | H11: =IF(F11>=Setup!$B$5,"✓ Target met",IF(A11>TODAY(),"Upcoming",IF(B11>=TODAY(),"In progress","Short by "&TEXT(G11,"0.00")&" hrs"))) -> Upcoming
A12: =A11+7 -> 46335 | B12: =A12+6 -> 46341 | C12: =SUMIFS(Logbook!$E$6:$E$505,Logbook!$B$6:$B$505,Setup!$B$9,Logbook!$F$6:$F$505,A12) -> 0 | D12: =MAX(0,Setup!$B$5-C12) -> 20 | E12: =IF(C12>=Setup!$B$5,"✓ Target met",IF(A12>TODAY(),"Upcoming",IF(B12>=TODAY(),"In progress","Short by "&TEXT(D12,"0.00")&" hrs"))) -> Upcoming | F12: =SUMIFS(Logbook!$E$6:$E$505,Logbook!$B$6:$B$505,Setup!$B$10,Logbook!$F$6:$F$505,A12) -> 0 | G12: =MAX(0,Setup!$B$5-F12) -> 20 | H12: =IF(F12>=Setup!$B$5,"✓ Target met",IF(A12>TODAY(),"Upcoming",IF(B12>=TODAY(),"In progress","Short by "&TEXT(G12,"0.00")&" hrs"))) -> Upcoming
A13: =A12+7 -> 46342 | B13: =A13+6 -> 46348 | C13: =SUMIFS(Logbook!$E$6:$E$505,Logbook!$B$6:$B$505,Setup!$B$9,Logbook!$F$6:$F$505,A13) -> 0 | D13: =MAX(0,Setup!$B$5-C13) -> 20 | E13: =IF(C13>=Setup!$B$5,"✓ Target met",IF(A13>TODAY(),"Upcoming",IF(B13>=TODAY(),"In progress","Short by "&TEXT(D13,"0.00")&" hrs"))) -> Upcoming | F13: =SUMIFS(Logbook!$E$6:$E$505,Logbook!$B$6:$B$505,Setup!$B$10,Logbook!$F$6:$F$505,A13) -> 0 | G13: =MAX(0,Setup!$B$5-F13) -> 20 | H13: =IF(F13>=Setup!$B$5,"✓ Target met",IF(A13>TODAY(),"Upcoming",IF(B13>=TODAY(),"In progress","Short by "&TEXT(G13,"0.00")&" hrs"))) -> Upcoming
A14: =A13+7 -> 46349 | B14: =A14+6 -> 46355 | C14: =SUMIFS(Logbook!$E$6:$E$505,Logbook!$B$6:$B$505,Setup!$B$9,Logbook!$F$6:$F$505,A14) -> 0 | D14: =MAX(0,Setup!$B$5-C14) -> 20 | E14: =IF(C14>=Setup!$B$5,"✓ Target met",IF(A14>TODAY(),"Upcoming",IF(B14>=TODAY(),"In progress","Short by "&TEXT(D14,"0.00")&" hrs"))) -> Upcoming | F14: =SUMIFS(Logbook!$E$6:$E$505,Logbook!$B$6:$B$505,Setup!$B$10,Logbook!$F$6:$F$505,A14) -> 0 | G14: =MAX(0,Setup!$B$5-F14) -> 20 | H14: =IF(F14>=Setup!$B$5,"✓ Target met",IF(A14>TODAY(),"Upcoming",IF(B14>=TODAY(),"In progress","Short by "&TEXT(G14,"0.00")&" hrs"))) -> Upcoming
A15: =A14+7 -> 46356 | B15: =A15+6 -> 46362 | C15: =SUMIFS(Logbook!$E$6:$E$505,Logbook!$B$6:$B$505,Setup!$B$9,Logbook!$F$6:$F$505,A15) -> 0 | D15: =MAX(0,Setup!$B$5-C15) -> 20 | E15: =IF(C15>=Setup!$B$5,"✓ Target met",IF(A15>TODAY(),"Upcoming",IF(B15>=TODAY(),"In progress","Short by "&TEXT(D15,"0.00")&" hrs"))) -> Upcoming | F15: =SUMIFS(Logbook!$E$6:$E$505,Logbook!$B$6:$B$505,Setup!$B$10,Logbook!$F$6:$F$505,A15) -> 0 | G15: =MAX(0,Setup!$B$5-F15) -> 20 | H15: =IF(F15>=Setup!$B$5,"✓ Target met",IF(A15>TODAY(),"Upcoming",IF(B15>=TODAY(),"In progress","Short by "&TEXT(G15,"0.00")&" hrs"))) -> Upcoming
A16: =A15+7 -> 46363 | B16: =A16+6 -> 46369 | C16: =SUMIFS(Logbook!$E$6:$E$505,Logbook!$B$6:$B$505,Setup!$B$9,Logbook!$F$6:$F$505,A16) -> 0 | D16: =MAX(0,Setup!$B$5-C16) -> 20 | E16: =IF(C16>=Setup!$B$5,"✓ Target met",IF(A16>TODAY(),"Upcoming",IF(B16>=TODAY(),"In progress","Short by "&TEXT(D16,"0.00")&" hrs"))) -> Upcoming | F16: =SUMIFS(Logbook!$E$6:$E$505,Logbook!$B$6:$B$505,Setup!$B$10,Logbook!$F$6:$F$505,A16) -> 0 | G16: =MAX(0,Setup!$B$5-F16) -> 20 | H16: =IF(F16>=Setup!$B$5,"✓ Target met",IF(A16>TODAY(),"Upcoming",IF(B16>=TODAY(),"In progress","Short by "&TEXT(G16,"0.00")&" hrs"))) -> Upcoming
A17: =A16+7 -> 46370 | B17: =A17+6 -> 46376 | C17: =SUMIFS(Logbook!$E$6:$E$505,Logbook!$B$6:$B$505,Setup!$B$9,Logbook!$F$6:$F$505,A17) -> 0 | D17: =MAX(0,Setup!$B$5-C17) -> 20 | E17: =IF(C17>=Setup!$B$5,"✓ Target met",IF(A17>TODAY(),"Upcoming",IF(B17>=TODAY(),"In progress","Short by "&TEXT(D17,"0.00")&" hrs"))) -> Upcoming | F17: =SUMIFS(Logbook!$E$6:$E$505,Logbook!$B$6:$B$505,Setup!$B$10,Logbook!$F$6:$F$505,A17) -> 0 | G17: =MAX(0,Setup!$B$5-F17) -> 20 | H17: =IF(F17>=Setup!$B$5,"✓ Target met",IF(A17>TODAY(),"Upcoming",IF(B17>=TODAY(),"In progress","Short by "&TEXT(G17,"0.00")&" hrs"))) -> Upcoming
... A30: =A29+7 -> 46461 | B30: =A30+6 -> 46467 | C30: =SUMIFS(Logbook!$E$6:$E$505,Logbook!$B$6:$B$505,Setup!$B$9,Logbook!$F$6:$F$505,A30) -> 0 | D30: =MAX(0,Setup!$B$5-C30) -> 20 | E30: =IF(C30>=Setup!$B$5,"✓ Target met",IF(A30>TODAY(),"Upcoming",IF(B30>=TODAY(),"In progress","Short by "&TEXT(D30,"0.00")&" hrs"))) -> Upcoming | F30: =SUMIFS(Logbook!$E$6:$E$505,Logbook!$B$6:$B$505,Setup!$B$10,Logbook!$F$6:$F$505,A30) -> 0 | G30: =MAX(0,Setup!$B$5-F30) -> 20 | H30: =IF(F30>=Setup!$B$5,"✓ Target met",IF(A30>TODAY(),"Upcoming",IF(B30>=TODAY(),"In progress","Short by "&TEXT(G30,"0.00")&" hrs"))) -> Upcoming
A31: Total | C31: =SUM(C5:C30) -> 0 | E31: ="Weeks met: "&COUNTIF(E5:E30,"✓ Target met") -> Weeks met: 0 | F31: =SUM(F5:F30) -> 0 | H31: ="Weeks met: "&COUNTIF(H5:H30,"✓ Target met") -> Weeks met: 0
A33: Bold row = current week. Rows are generated from "First week of internship" on the Setup tab.
